Tên trường,Mã trường,Hiệu trưởng,Website,Link wiki
Trường Cao đẳng Kỹ thuật Cao Thắng,,Ts. Lê Đình Kha,http://www.caothang.edu.vn/,https://vi.wikipedia.org/wiki/Tr%C6%B0%E1%BB%9Dng_Cao_%C4%91%E1%BA%B3ng_K%E1%BB%B9_thu%E1%BA%ADt_Cao_Th%E1%BA%AFng
Trường Cao đẳng Công nghiệp Nam Định,,,http://cnd.edu.vn/,https://vi.wikipedia.org/wiki/Tr%C6%B0%E1%BB%9Dng_Cao_%C4%91%E1%BA%B3ng_C%C3%B4ng_nghi%E1%BB%87p_Nam_%C4%90%E1%BB%8Bnh
Trường Cao đẳng Huế,,TS. Hoàng Bảo Hùng,http://cdhue.huecit.com/,https://vi.wikipedia.org/wiki/Tr%C6%B0%E1%BB%9Dng_Cao_%C4%91%E1%BA%B3ng_Hu%E1%BA%BF
Trường Cao đẳng Văn hóa Nghệ thuật Cần Thơ,,bà Nguyễn Thị Hương [2],http://vhntcantho.edu.vn/,https://vi.wikipedia.org/wiki/Tr%C6%B0%E1%BB%9Dng_Cao_%C4%91%E1%BA%B3ng_V%C4%83n_h%C3%B3a_Ngh%E1%BB%87_thu%E1%BA%ADt_C%E1%BA%A7n_Th%C6%A1
Trường Cao đẳng Bến Tre,,Nguyễn Văn Huấn,https://www.cdbt.edu.vn/,https://vi.wikipedia.org/wiki/Tr%C6%B0%E1%BB%9Dng_Cao_%C4%91%E1%BA%B3ng_B%E1%BA%BFn_Tre
Trường Cao đẳng Công chính,,,,https://vi.wikipedia.org/wiki/Tr%C6%B0%E1%BB%9Dng_Cao_%C4%91%E1%BA%B3ng_C%C3%B4ng_ch%C3%ADnh
Trường Cao đẳng Cộng đồng Đồng Tháp,,Tiến sĩ Phạm Quang Huy,http://www.dtcc.edu.vn/,https://vi.wikipedia.org/wiki/Tr%C6%B0%E1%BB%9Dng_Cao_%C4%91%E1%BA%B3ng_C%E1%BB%99ng_%C4%91%E1%BB%93ng_%C4%90%E1%BB%93ng_Th%C3%A1p
Trường Cao đẳng Công nghệ Hà Nội,,Vũ Chí Thành (Hiệu trưởng Trường Cao đẳng FPT Polytechnic,https://caodang.fpt.edu.vn/,https://vi.wikipedia.org/wiki/Tr%C6%B0%E1%BB%9Dng_Cao_%C4%91%E1%BA%B3ng_C%C3%B4ng_ngh%E1%BB%87_H%C3%A0_N%E1%BB%99i
Trường Cao đẳng Công nghệ và Kinh tế Bảo Lộc,CDT4201,ThS. Phạm Cân,http://www.blc.edu.vn/,https://vi.wikipedia.org/wiki/Tr%C6%B0%E1%BB%9Dng_Cao_%C4%91%E1%BA%B3ng_C%C3%B4ng_ngh%E1%BB%87_v%C3%A0_Kinh_t%E1%BA%BF_B%E1%BA%A3o_L%E1%BB%99c
Trường Cao đẳng Công nghệ và Kỹ thuật Ô tô,,Đại tá TS. Nguyễn Năng Thắng,http://www.caodangoto.edu.vn/,https://vi.wikipedia.org/wiki/Tr%C6%B0%E1%BB%9Dng_Cao_%C4%91%E1%BA%B3ng_C%C3%B4ng_ngh%E1%BB%87_v%C3%A0_K%E1%BB%B9_thu%E1%BA%ADt_%C3%94_t%C3%B4
Trường Cao đẳng Công nghệ và Thương mại Hà Nội,,Nguyễn Xuân Sang,http://www.congthuonghanoi.edu.vn/,https://vi.wikipedia.org/wiki/Tr%C6%B0%E1%BB%9Dng_Cao_%C4%91%E1%BA%B3ng_C%C3%B4ng_ngh%E1%BB%87_v%C3%A0_Th%C6%B0%C6%A1ng_m%E1%BA%A1i_H%C3%A0_N%E1%BB%99i
Trường Cao đẳng Công nghệ Viettronics,,ThS. Nguyễn Thị Thiết,http://viettronics.edu.vn/,https://vi.wikipedia.org/wiki/Tr%C6%B0%E1%BB%9Dng_Cao_%C4%91%E1%BA%B3ng_C%C3%B4ng_ngh%E1%BB%87_Viettronics
Trường Cao đẳng Công nghiệp Huế,,,,https://vi.wikipedia.org/wiki/Tr%C6%B0%E1%BB%9Dng_Cao_%C4%91%E1%BA%B3ng_C%C3%B4ng_nghi%E1%BB%87p_Hu%E1%BA%BF
Trường Cao đẳng Công nghiệp Quốc phòng,,,http://www.cdcnqp.edu.vn/,https://vi.wikipedia.org/wiki/Tr%C6%B0%E1%BB%9Dng_Cao_%C4%91%E1%BA%B3ng_C%C3%B4ng_nghi%E1%BB%87p_Qu%E1%BB%91c_ph%C3%B2ng
Trường Cao đẳng Công thương Thành phố Hồ Chí Minh,,Bùi Mạnh Tuân,http://hitu.edu.vn/,https://vi.wikipedia.org/wiki/Tr%C6%B0%E1%BB%9Dng_Cao_%C4%91%E1%BA%B3ng_C%C3%B4ng_th%C6%B0%C6%A1ng_Th%C3%A0nh_ph%E1%BB%91_H%E1%BB%93_Ch%C3%AD_Minh
Trường Cao đẳng Cơ điện và Nông nghiệp Nam Bộ,,Trần Văn Tám,http://cea.edu.vn/,https://vi.wikipedia.org/wiki/Tr%C6%B0%E1%BB%9Dng_Cao_%C4%91%E1%BA%B3ng_C%C6%A1_%C4%91i%E1%BB%87n_v%C3%A0_N%C3%B4ng_nghi%E1%BB%87p_Nam_B%E1%BB%99
Trường Cao đẳng Dược Trung ương Hải Dương,,TS. Trần Bá Kiên (Từ tháng 4/2021),http://duoctu-hd.edu.vn/,https://vi.wikipedia.org/wiki/Tr%C6%B0%E1%BB%9Dng_Cao_%C4%91%E1%BA%B3ng_D%C6%B0%E1%BB%A3c_Trung_%C6%B0%C6%A1ng_H%E1%BA%A3i_D%C6%B0%C6%A1ng
Trường Cao đẳng Đà Lạt,,Tạ Quang Vũ,http://www.cdspdalat.edu.vn/,https://vi.wikipedia.org/wiki/Tr%C6%B0%E1%BB%9Dng_Cao_%C4%91%E1%BA%B3ng_%C4%90%C3%A0_L%E1%BA%A1t
Trường Cao đẳng Điện lực Thành phố Hồ Chí Minh,,,,https://vi.wikipedia.org/wiki/Tr%C6%B0%E1%BB%9Dng_Cao_%C4%91%E1%BA%B3ng_%C4%90i%E1%BB%87n_l%E1%BB%B1c_Th%C3%A0nh_ph%E1%BB%91_H%E1%BB%93_Ch%C3%AD_Minh
Trường Cao đẳng Điện tử – Điện lạnh Hà Nội,,ThS. Phạm Tiến Dũng,http://dtdl.edu.vn/home,https://vi.wikipedia.org/wiki/Tr%C6%B0%E1%BB%9Dng_Cao_%C4%91%E1%BA%B3ng_%C4%90i%E1%BB%87n_t%E1%BB%AD_%E2%80%93_%C4%90i%E1%BB%87n_l%E1%BA%A1nh_H%C3%A0_N%E1%BB%99i
Trường Cao đẳng Hòa Bình Xuân Lộc,,Giuse Hà Đăng Định,https://caodanghoabinhxuanloc.edu.vn/,https://vi.wikipedia.org/wiki/Tr%C6%B0%E1%BB%9Dng_Cao_%C4%91%E1%BA%B3ng_H%C3%B2a_B%C3%ACnh_Xu%C3%A2n_L%E1%BB%99c
Trường Cao đẳng Kinh tế – Kế hoạch Đà Nẵng,,,http://cep.edu.vn/,https://vi.wikipedia.org/wiki/Tr%C6%B0%E1%BB%9Dng_Cao_%C4%91%E1%BA%B3ng_Kinh_t%E1%BA%BF_%E2%80%93_K%E1%BA%BF_ho%E1%BA%A1ch_%C4%90%C3%A0_N%E1%BA%B5ng
Trường Cao đẳng Kinh tế – Kỹ thuật Bạc Liêu,CDD6002,NGƯT TS. Trần Công Chánh,http://www.ktktbl.edu.vn/,https://vi.wikipedia.org/wiki/Tr%C6%B0%E1%BB%9Dng_Cao_%C4%91%E1%BA%B3ng_Kinh_t%E1%BA%BF_%E2%80%93_K%E1%BB%B9_thu%E1%BA%ADt_B%E1%BA%A1c_Li%C3%AAu
Trường Cao đẳng Kinh tế – Kỹ thuật Trung ương,,ThS.Nguyễn Danh Hùng,http://netc-vca.edu.vn/,https://vi.wikipedia.org/wiki/Tr%C6%B0%E1%BB%9Dng_Cao_%C4%91%E1%BA%B3ng_Kinh_t%E1%BA%BF_%E2%80%93_K%E1%BB%B9_thu%E1%BA%ADt_Trung_%C6%B0%C6%A1ng
Trường Cao đẳng Kinh tế Thành phố Hồ Chí Minh,,Ths. Trần Văn Tú [1],http://kthcm.edu.vn/,https://vi.wikipedia.org/wiki/Tr%C6%B0%E1%BB%9Dng_Cao_%C4%91%E1%BA%B3ng_Kinh_t%E1%BA%BF_Th%C3%A0nh_ph%E1%BB%91_H%E1%BB%93_Ch%C3%AD_Minh
Trường Cao đẳng Kỹ thuật Công nghệ – Bách khoa,,,,https://vi.wikipedia.org/wiki/Tr%C6%B0%E1%BB%9Dng_Cao_%C4%91%E1%BA%B3ng_K%E1%BB%B9_thu%E1%BA%ADt_C%C3%B4ng_ngh%E1%BB%87_%E2%80%93_B%C3%A1ch_khoa
Trường Cao đẳng Kỹ thuật Công nghiệp Việt Nam-Hàn Quốc,,,www.cdvhnghean.edu.vn hoặc www.vkc.edu.vn,https://vi.wikipedia.org/wiki/Tr%C6%B0%E1%BB%9Dng_Cao_%C4%91%E1%BA%B3ng_K%E1%BB%B9_thu%E1%BA%ADt_C%C3%B4ng_nghi%E1%BB%87p_Vi%E1%BB%87t_Nam-H%C3%A0n_Qu%E1%BB%91c
Trường Cao đẳng Lý Tự Trọng Thành phố Hồ Chí Minh,,NGUT Phạm Hữu Lộc,https://www.lttc.edu.vn/,https://vi.wikipedia.org/wiki/Tr%C6%B0%E1%BB%9Dng_Cao_%C4%91%E1%BA%B3ng_L%C3%BD_T%E1%BB%B1_Tr%E1%BB%8Dng_Th%C3%A0nh_ph%E1%BB%91_H%E1%BB%93_Ch%C3%AD_Minh
Trường Cao đẳng nghề Công nghệ Việt - Hàn Bắc Giang,,Nguyên Công Thông,,https://vi.wikipedia.org/wiki/Tr%C6%B0%E1%BB%9Dng_Cao_%C4%91%E1%BA%B3ng_ngh%E1%BB%81_C%C3%B4ng_ngh%E1%BB%87_Vi%E1%BB%87t_-_H%C3%A0n_B%E1%BA%AFc_Giang
Trường Cao đẳng nghề Công nghiệp Thanh Hóa,,,,https://vi.wikipedia.org/wiki/Tr%C6%B0%E1%BB%9Dng_Cao_%C4%91%E1%BA%B3ng_ngh%E1%BB%81_C%C3%B4ng_nghi%E1%BB%87p_Thanh_H%C3%B3a
Trường Cao đẳng nghề Cơ điện Xây dựng Tam Điệp,,Vũ Tường Nhuệ,http://caodangtamdiep.edu.vn/,https://vi.wikipedia.org/wiki/Tr%C6%B0%E1%BB%9Dng_Cao_%C4%91%E1%BA%B3ng_ngh%E1%BB%81_C%C6%A1_%C4%91i%E1%BB%87n_X%C3%A2y_d%E1%BB%B1ng_Tam_%C4%90i%E1%BB%87p
Trường Cao đẳng nghề Cơ giới Ninh Bình,,PGS.TS Phạm Hùng,http://cogioi.edu.vn/,https://vi.wikipedia.org/wiki/Tr%C6%B0%E1%BB%9Dng_Cao_%C4%91%E1%BA%B3ng_ngh%E1%BB%81_C%C6%A1_gi%E1%BB%9Bi_Ninh_B%C3%ACnh
Trường Cao đẳng nghề LILAMA-1,,Hoàng Công Thi,http://www.caodang-lilama1.edu.vn/,https://vi.wikipedia.org/wiki/Tr%C6%B0%E1%BB%9Dng_Cao_%C4%91%E1%BA%B3ng_ngh%E1%BB%81_LILAMA-1
Trường Cao đẳng nghề LILAMA-2,,Nguyễn Khánh Cường,http://lilama2.edu.vn/,https://vi.wikipedia.org/wiki/Tr%C6%B0%E1%BB%9Dng_Cao_%C4%91%E1%BA%B3ng_ngh%E1%BB%81_LILAMA-2
"Trường Cao đẳng nghề số 13, Bộ Quốc phòng (Việt Nam)",,,,"https://vi.wikipedia.org/wiki/Tr%C6%B0%E1%BB%9Dng_Cao_%C4%91%E1%BA%B3ng_ngh%E1%BB%81_s%E1%BB%91_13,_B%E1%BB%99_Qu%E1%BB%91c_ph%C3%B2ng_(Vi%E1%BB%87t_Nam)"
Trường Cao đẳng nghề Vĩnh Long,,ThS. Trần Anh Tuấn,https://vlvc.edu.vn/,https://vi.wikipedia.org/wiki/Tr%C6%B0%E1%BB%9Dng_Cao_%C4%91%E1%BA%B3ng_ngh%E1%BB%81_V%C4%A9nh_Long
Trường Cao đẳng Ngoại ngữ – Công nghệ Việt Nhật,,Nguyễn Đăng Đào,,https://vi.wikipedia.org/wiki/Tr%C6%B0%E1%BB%9Dng_Cao_%C4%91%E1%BA%B3ng_Ngo%E1%BA%A1i_ng%E1%BB%AF_%E2%80%93_C%C3%B4ng_ngh%E1%BB%87_Vi%E1%BB%87t_Nh%E1%BA%ADt
Trường Cao đẳng Ngoại ngữ và Công nghệ Việt Nam,,Ths Bùi Minh Cảnh,https://caodangngoaingu.vn/,https://vi.wikipedia.org/wiki/Tr%C6%B0%E1%BB%9Dng_Cao_%C4%91%E1%BA%B3ng_Ngo%E1%BA%A1i_ng%E1%BB%AF_v%C3%A0_C%C3%B4ng_ngh%E1%BB%87_Vi%E1%BB%87t_Nam
Trường Cao đẳng Nông Lâm Thanh Hóa,,PGS.TS Lê Hoằng Bá Huyền,caodangnongnghiepth.edu.vn,https://vi.wikipedia.org/wiki/Tr%C6%B0%E1%BB%9Dng_Cao_%C4%91%E1%BA%B3ng_N%C3%B4ng_L%C3%A2m_Thanh_H%C3%B3a
Trường Cao đẳng Phát thanh - Truyền hình I,,Nguyễn Văn Hùng,Edu.vov.vn,https://vi.wikipedia.org/wiki/Tr%C6%B0%E1%BB%9Dng_Cao_%C4%91%E1%BA%B3ng_Ph%C3%A1t_thanh_-_Truy%E1%BB%81n_h%C3%ACnh_I
Trường Cao đẳng Phát thanh - Truyền hình II,,,,https://vi.wikipedia.org/wiki/Tr%C6%B0%E1%BB%9Dng_Cao_%C4%91%E1%BA%B3ng_Ph%C3%A1t_thanh_-_Truy%E1%BB%81n_h%C3%ACnh_II
Trường Cao đẳng Quốc phòng Việt Nam Cộng hòa,,,,https://vi.wikipedia.org/wiki/Tr%C6%B0%E1%BB%9Dng_Cao_%C4%91%E1%BA%B3ng_Qu%E1%BB%91c_ph%C3%B2ng_Vi%E1%BB%87t_Nam_C%E1%BB%99ng_h%C3%B2a
Trường Cao đẳng Sư phạm Long An,,,,https://vi.wikipedia.org/wiki/Tr%C6%B0%E1%BB%9Dng_Cao_%C4%91%E1%BA%B3ng_S%C6%B0_ph%E1%BA%A1m_Long_An
Trường Cao đẳng Than – Khoáng sản Việt Nam,,,http://caodangtkv.edu.vn/,https://vi.wikipedia.org/wiki/Tr%C6%B0%E1%BB%9Dng_Cao_%C4%91%E1%BA%B3ng_Than_%E2%80%93_Kho%C3%A1ng_s%E1%BA%A3n_Vi%E1%BB%87t_Nam
Trường Cao đẳng Văn hóa Nghệ thuật Thái Bình,,Bùi Thị Dung,http://cdvhntthaibinh.edu.vn/,https://vi.wikipedia.org/wiki/Tr%C6%B0%E1%BB%9Dng_Cao_%C4%91%E1%BA%B3ng_V%C4%83n_h%C3%B3a_Ngh%E1%BB%87_thu%E1%BA%ADt_Th%C3%A1i_B%C3%ACnh
Trường Cao đẳng Văn hóa Nghệ thuật và Du lịch Hạ Long,,,http://halongact.edu.vn/,https://vi.wikipedia.org/wiki/Tr%C6%B0%E1%BB%9Dng_Cao_%C4%91%E1%BA%B3ng_V%C4%83n_h%C3%B3a_Ngh%E1%BB%87_thu%E1%BA%ADt_v%C3%A0_Du_l%E1%BB%8Bch_H%E1%BA%A1_Long
Trường Cao đẳng Y tế Đồng Tháp,,,,https://vi.wikipedia.org/wiki/Tr%C6%B0%E1%BB%9Dng_Cao_%C4%91%E1%BA%B3ng_Y_t%E1%BA%BF_%C4%90%E1%BB%93ng_Th%C3%A1p
Trường Cao đẳng Y tế Hà Đông,CYM,TS Nguyễn Đăng Trường,https://cdythadong.edu.vn/,https://vi.wikipedia.org/wiki/Tr%C6%B0%E1%BB%9Dng_Cao_%C4%91%E1%BA%B3ng_Y_t%E1%BA%BF_H%C3%A0_%C4%90%C3%B4ng
Trường Cao đẳng Y tế Hà Nội,,TS Phạm Văn Tân,https://yhn.edu.vn/,https://vi.wikipedia.org/wiki/Tr%C6%B0%E1%BB%9Dng_Cao_%C4%91%E1%BA%B3ng_Y_t%E1%BA%BF_H%C3%A0_N%E1%BB%99i
Trường Cao đẳng Y tế Lâm Đồng,,ThS. BS. Lý Duy Hưng[1],https://www.cdytld.edu.vn/,https://vi.wikipedia.org/wiki/Tr%C6%B0%E1%BB%9Dng_Cao_%C4%91%E1%BA%B3ng_Y_t%E1%BA%BF_L%C3%A2m_%C4%90%E1%BB%93ng
Trường Cao đẳng Y tế Ninh Bình,,Đỗ Văn Dung,http://www.cdyteninhbinh.vn/,https://vi.wikipedia.org/wiki/Tr%C6%B0%E1%BB%9Dng_Cao_%C4%91%E1%BA%B3ng_Y_t%E1%BA%BF_Ninh_B%C3%ACnh
Trường Cao đẳng Y tế Thanh Hóa,,,,https://vi.wikipedia.org/wiki/Tr%C6%B0%E1%BB%9Dng_Cao_%C4%91%E1%BA%B3ng_Y_t%E1%BA%BF_Thanh_H%C3%B3a
Trường Cao đẳng nghề Đồng An,,ThS. Nguyễn Thành Trí,https://dongan.edu.vn/,https://vi.wikipedia.org/wiki/Tr%C6%B0%E1%BB%9Dng_Cao_%C4%91%E1%BA%B3ng_ngh%E1%BB%81_%C4%90%E1%BB%93ng_An
